<?xml version="1.0" ?>
<config>
    <menu>
        <sales>
            <children>
                    <BizzyBee translate="title" module="BizzyBee">
                        <title>Bizzy Bee</title>
                        <sort_order>99999</sort_order>
                        <action>BizzyBee/index/index</action>
                    </BizzyBee>
            </children>
        </sales>
    </menu>
	<acl><!-- permits -->
    <resources>
        <admin>
            <children>
                <sales>
                   <children>
                       <BizzyBee translate="title" module="BizzyBee">
                          <sort_order>10</sort_order>
                          <title>BizzyBee</title>
                      </BizzyBee>
                  </children>
                </sales>
            </children>
        </admin>
    </resources>
</acl>
</config>
